{"cameraMode":{"drawMode":0,"name":"Shaded","section":"Shading Mode"},"sceneLighting":true,"audioPlay":false,"sceneViewState":{"showFog":true,"showMaterialUpdate":false,"showSkybox":true,"showFlares":true,"showImageEffects":true,"showParticleSystems":true},"in2DMode":false,"pivot":{"x":3.181330680847168,"y":2.9083633422851564,"z":5.336852073669434},"rotation":{"x":0.33052709698677065,"y":-0.6073642373085022,"z":0.3069941997528076,"w":0.6539245843887329},"size":12.495079040527344,"orthographic":false}